label,file_name,number_of_files,ratio_of_files,number_of_files_rare,number_of_files_new,ratio_of_files_new
accruals and deferred income,"['07314921_2018-06-21' '05305200_2018-11-27' '02559683_2018-05-09'
 'SC503875_2018-05-04' '05157431_2018-06-06' '06989049_2018-05-01'
 '05468650_2017-11-15' '07068932_2018-05-31' '04155448_2018-11-26'
 '09380893_2018-05-24' '09708034_2018-05-22' '09819650_2018-05-31'
 '08814444_2018-09-10' '08252329_2019-01-18' '08455384_2018-10-25'
 '05824628_2018-10-16' '09783674_2018-12-21' '05032067_2018-10-15'
 '05529094_2017-11-24' '09926174_2019-02-01' '10129537_2018-07-12'
 '06775822_2018-09-28' '04638871_2018-08-30' '07076803_2018-05-24'
 '04571349_2018-06-25' '08400096_2018-02-02' '08627608_2018-04-27'
 '06928061_2019-01-07' '09594612_2018-02-13' '04837764_2018-06-19'
 '08857138_2018-10-30']",31,0.06126482213438735,1,32,0.06324110671936758
amounts falling due after more than one year,"['05549284_2018-04-05' '01246756_2018-12-28' '08524615_2018-09-17'
 '06350263_2018-05-31' '04905451_2018-06-29' '00410453_2018-09-03'
 '03898654_2018-02-08' '10461295_2018-08-06' '10819660_2018-09-20'
 'SC315245_2017-11-13' '03988201_2018-05-23' '09001323_2017-11-23']",12,0.023715415019762844,8,20,0.039525691699604744
amounts falling due within one year,"['02723119_2018-07-10' '07987664_2018-11-22' '05549284_2018-04-05'
 '08774049_2018-03-16' '08908626_2018-05-11' '09232066_2018-05-08'
 '02215326_2017-10-23' '09303330_2018-03-15' '10340513_2018-05-22'
 '03559112_2018-12-18' '10208054_2018-06-27' 'SC215880_2018-08-16'
 '01234173_2018-02-21' '06734246_2018-04-25' '01246756_2018-12-28'
 '10715930_2018-12-20' '08524615_2018-09-17' 'SC470463_2018-11-30'
 '09091904_2018-05-14' '06350263_2018-05-31' '04905451_2018-06-29'
 '06377386_2018-09-21' '00904957_2018-09-13' '07210595_2018-10-05'
 '05177605_2018-10-04' '03708614_2018-07-03' '03440203_2019-02-07'
 'SC336085_2019-01-03' '07221470_2019-01-09' '02277759_2018-12-03'
 '09769485_2019-01-28' '07876754_2018-12-12' '00410453_2018-09-03'
 '10545484_2018-09-06' '10716911_2019-01-22' '04817286_2017-11-29'
 '00688455_2018-10-10' '04595098_2018-06-20' '01233445_2018-07-23'
 'OC324745_2018-09-17' '04911695_2018-02-01' '08199321_2018-06-14'
 'SC425845_2018-08-08' '01902690_2019-01-08' '04999616_2017-08-01'
 'SC062350_2019-01-30' '06559854_2019-01-17' '10461295_2018-08-06'
 '01774753_2018-12-19' '01581736_2018-10-02' '06995435_2018-07-02'
 '07183803_2018-12-12' 'SC505813_2018-05-31' '08323655_2018-10-02'
 '07692515_2017-04-29' '07200267_2018-12-21' 'SC315245_2017-11-13'
 '03988201_2018-05-23' '09070307_2018-12-18' '04709905_2018-10-16'
 '09372240_2019-01-09' '09001323_2017-11-23' '03320318_2018-09-19'
 '05230931_2018-05-21']",64,0.12648221343873517,4,68,0.13438735177865613
called up share capital,"['04578942_2018-09-10' '10339765_2018-05-21' '07508665_2018-04-04'
 '02736280_2018-01-18' '09360896_2018-05-21' '02723119_2018-07-10'
 '01625851_2018-10-26' '07987664_2018-11-22' '06245930_2018-02-02'
 '08658092_2018-07-10' '01848334_2018-11-19' '04192928_2018-10-21'
 '05549284_2018-04-05' '08257555_2018-11-01' 'SC530730_2018-12-07'
 '03799358_2018-08-20' '09104588_2018-12-28' '05017650_2018-09-13'
 '00506612_2018-09-26' '10281039_2018-04-25' '01557781_2019-01-24'
 '09877836_2018-10-08' '08774049_2018-03-16' '08512069_2018-07-11'
 '08908626_2018-05-11' '03551533_2018-10-07' '07025669_2018-01-09'
 '02676624_2018-09-28' '02215326_2017-10-23' '04848475_2018-10-06'
 '09683278_2018-05-31' '05241678_2018-01-22' '06646629_2018-07-17'
 'SC312228_2018-09-10' '01684721_2018-05-24' '02031807_2018-03-21'
 '00645015_2019-01-03' '01205530_2018-04-04' '05445922_2017-09-30'
 '09940236_2018-10-06' '01581154_2018-07-24' '04176450_2018-12-07'
 '03824389_2018-09-10' '10557156_2018-10-01' '01580851_2018-01-29'
 '02555553_2017-03-20' '06223740_2018-10-22' 'SC211905_2018-05-04'
 '08491028_2018-08-03' '07238703_2019-02-05' '02865602_2018-06-20'
 '02567814_2018-12-21' '05219123_2018-08-13' '10208054_2018-06-27'
 'SC215880_2018-08-16' '07219146_2018-10-06' '06024424_2018-09-17'
 '09586207_2019-01-12' '04779767_2018-09-24' '02641437_2019-01-02'
 '06734246_2018-04-25' '02683337_2018-12-31' '05292814_2018-07-04'
 '09869872_2019-01-22' '04107434_2018-03-22' '03085506_2018-06-27'
 '09165062_2018-08-30' '06540708_2018-04-03' 'SC272499_2018-04-17'
 '01246756_2018-12-28' '08337863_2018-05-03' '10529515_2018-09-10'
 '04915241_2018-09-05' '04609439_2018-06-06' '03830932_2018-08-16'
 '09135113_2018-01-05' '04283540_2018-04-26' '06476929_2018-08-08'
 '04425595_2018-07-10' '08238988_2018-10-31' '05542048_2018-09-20'
 '05407505_2018-10-02' 'NI613113_2018-09-14' '06363165_2018-03-07'
 '08948605_2018-08-16' '08524615_2018-09-17' '09277272_2017-01-20'
 '08673651_2018-09-18' '04103548_2018-08-14' '05865264_2018-12-14'
 '03976947_2018-05-24' '07275849_2018-10-12' '00757019_2018-11-15'
 '05355799_2018-08-08' '07444976_2018-12-27' '09708034_2018-05-22'
 '09091904_2018-05-14' '06350263_2018-05-31' '09125604_2018-04-19'
 '08941680_2018-07-03' '04191036_2018-04-10' '06377386_2018-09-21'
 '00904957_2018-09-13' '04744688_2018-08-13' '07291750_2018-05-03'
 'NI625203_2017-08-29' '08464812_2019-01-07' '00854266_2018-09-26'
 '01500876_2018-09-30' '03010158_2018-08-08' '05177605_2018-10-04'
 '02670424_2018-03-06' 'SC381770_2018-09-27' '03074921_2018-09-28'
 '01551487_2018-06-29' '09669202_2018-04-09' '03708614_2018-07-03'
 '01167325_2018-10-06' '03440203_2019-02-07' '06873409_2019-01-22'
 '07100402_2018-07-31' '01713181_2018-12-12' '02688973_2018-12-21'
 '03843550_2018-12-20' '09164548_2018-01-08' '04729479_2018-10-15'
 '09769485_2019-01-28' '06912932_2019-01-28' '00500613_2018-05-25'
 '00410453_2018-09-03' '05783050_2018-04-06' '04544159_2019-01-14'
 '09947841_2018-11-07' '05351022_2018-09-18' '04817286_2017-11-29'
 '09827589_2018-12-19' '05216450_2018-11-16' '03216059_2018-07-24'
 '09905204_2019-01-28' '05121287_2018-03-27' '00688455_2018-10-10'
 '01435665_2018-05-09' '04750335_2019-01-18' '04595098_2018-06-20'
 '06288859_2018-06-26' '01233445_2018-07-23' '10694121_2018-07-16'
 '03013552_2018-06-13' '04911695_2018-02-01' '05218852_2019-02-08'
 '01902690_2019-01-08' 'NI020853_2018-05-15' '09514102_2019-01-03'
 '03411833_2018-10-08' '09518150_2018-05-15' '07660688_2018-09-21'
 '08500163_2018-12-19' 'SC062350_2019-01-30' '06749253_2019-01-03'
 '08183811_2018-12-28' '05989934_2018-10-04' '03800292_2018-03-08'
 '06995435_2018-07-02' '03972790_2019-01-15' '07183803_2018-12-12'
 '04126929_2018-07-17' 'SC215503_2018-09-25' 'SC031515_2018-09-12'
 '07878925_2018-05-11' 'SC505813_2018-05-31' '09834474_2018-09-05'
 '02599961_2019-02-04' '02671511_2018-03-22' '04571349_2018-06-25'
 '09885382_2018-10-04' '09565689_2018-05-27' '10379866_2018-09-19'
 '02027689_2018-10-01' '09482576_2019-01-04' '06117316_2018-08-10'
 '00877137_2018-09-30' '04730594_2019-02-05' '07692515_2017-04-29'
 '05242411_2018-03-21' '06755267_2018-12-13' '05859829_2018-12-06'
 '10072143_2018-12-22' '07564261_2018-12-18' '04067971_2018-05-21'
 '03612400_2018-06-01' '04567806_2018-12-18' '08401600_2018-04-06'
 '01146564_2018-11-22' '10049791_2018-01-26' '08217483_2018-12-24'
 'SC392607_2018-01-15' '02197238_2018-10-04' '03778193_2018-09-13'
 '09187690_2018-10-03' '02860394_2018-06-06' '03988201_2018-05-23'
 '02119606_2018-07-31' '08627608_2018-04-27' '09058573_2017-06-27'
 '01291565_2018-10-17' '09954672_2018-10-02' '09070307_2018-12-18'
 '02734059_2018-06-21' 'SC038800_2018-06-22' '08614121_2017-06-29'
 '09606891_2019-01-08' '09782845_2018-09-17' '04317894_2018-06-11'
 '01912551_2018-05-24' '02478328_2018-09-30' '01675457_2018-06-26'
 '03808852_2018-10-03' '03123932_2018-05-24' '09256949_2018-09-30'
 '08056186_2017-04-27' '08456856_2018-12-17' '09001323_2017-11-23'
 '01050578_2018-11-07' '03009426_2018-05-08' '10883160_2018-10-05'
 '10089373_2017-12-28' '07792956_2018-09-24' 'SC406554_2018-10-03'
 '09154504_2017-06-16']",229,0.4525691699604743,17,246,0.48616600790513836
capital and reserves,"['09946357_2018-10-11' '04210567_2018-06-13' '06551042_2017-09-29'
 '02480303_2018-09-25' '07314921_2018-06-21' '02559683_2018-05-09'
 '09831466_2018-09-13' 'SC503875_2018-05-04' '05738042_2018-10-12'
 '05157431_2018-06-06' '07909379_2018-12-11' '05468650_2017-11-15'
 '07068932_2018-05-31' '04155448_2018-11-26' '07623258_2019-02-05'
 '00696473_2018-09-14' '06985246_2018-06-06' '05750738_2018-07-13'
 '09669697_2018-09-25' '06871487_2018-07-19' '09934732_2018-09-17'
 '09542334_2019-01-29' '09819650_2018-05-31' '02572448_2018-10-31'
 '08814444_2018-09-10' '06244683_2018-09-13' '05026996_2018-08-15'
 '08252329_2019-01-18' '03128528_2018-05-30' '08455384_2018-10-25'
 '05560206_2018-05-17' '05824628_2018-10-16' '07876754_2018-12-12'
 '05259054_2018-05-31' '09783674_2018-12-21' '05032067_2018-10-15'
 '09569080_2019-01-24' '05529094_2017-11-24' '05890653_2018-05-27'
 '09926174_2019-02-01' '09613324_2018-10-26' '08199321_2018-06-14'
 'SC472836_2018-10-31' '06775822_2018-09-28' '04638871_2018-08-30'
 '06786096_2018-11-29' '03901367_2017-08-29' '07076803_2018-05-24'
 '08400096_2018-02-02' '04119246_2018-04-03' '07162861_2018-11-06'
 '08446267_2018-12-13' '08627608_2018-04-27' '06928061_2019-01-07'
 '04709905_2018-10-16' '09594612_2018-02-13' '05230931_2018-05-21'
 '08857138_2018-10-30']",58,0.11462450592885376,3,61,0.12055335968379446
capital redemption reserve,"['02736280_2018-01-18' '01581154_2018-07-24' '02555553_2017-03-20'
 '02641437_2019-01-02' '02683337_2018-12-31' '02552255_2018-10-15'
 '01551487_2018-06-29' '03063532_2017-09-26' '03778193_2018-09-13']",9,0.017786561264822136,1,10,0.019762845849802372
cash and cash equivalents,"['00851110_2018-10-07' '07427985_2018-08-22' 'OC338682_2018-11-07'
 '09964777_2018-08-15' '03827293_2018-08-21' '07660688_2018-09-21'
 '03972790_2019-01-15' '08708339_2018-05-16']",8,0.015810276679841896,5,13,0.025691699604743084
cash at bank,"['08804092_2018-08-15' '01557781_2019-01-24' '08908626_2018-05-11'
 'SC312228_2018-09-10' '09303330_2018-03-15' '01205530_2018-04-04'
 '02865602_2018-06-20' '10208054_2018-06-27' '01386096_2018-06-07'
 '01534691_2018-02-12' '05542048_2018-09-20' '06350263_2018-05-31'
 '02712039_2017-10-06' '03708614_2018-07-03' '03440203_2019-02-07'
 '09164548_2018-01-08' '07221470_2019-01-09' '09769485_2019-01-28'
 '00410453_2018-09-03' '00688455_2018-10-10' 'OC324745_2018-09-17'
 '04911695_2018-02-01' 'SC425845_2018-08-08' '06559854_2019-01-17'
 '06995435_2018-07-02' '05447878_2017-05-12' 'SC505813_2018-05-31'
 '06755267_2018-12-13' '03988201_2018-05-23' '09070307_2018-12-18'
 '09001323_2017-11-23']",31,0.06126482213438735,2,33,0.06521739130434782
cash at bank and in hand,"['06757157_2018-08-15' '04578942_2018-09-10' 'NC000295_2018-12-19'
 '07508665_2018-04-04' '09727421_2018-05-07' '02736280_2018-01-18'
 '06638282_2018-05-10' '09360896_2018-05-21' '06199992_2018-05-11'
 '07987664_2018-11-22' '08658092_2018-07-10' '01848334_2018-11-19'
 '08342128_2018-09-28' '04192928_2018-10-21' '05549284_2018-04-05'
 '05477483_2018-08-07' '08257555_2018-11-01' '01836313_2018-09-30'
 '09104588_2018-12-28' '05017650_2018-09-13' '09877836_2018-10-08'
 '03551533_2018-10-07' '07025669_2018-01-09' 'OC342862_2018-10-24'
 '04848475_2018-10-06' '09683278_2018-05-31' '06646629_2018-07-17'
 '01684721_2018-05-24' '00701225_2018-10-23' '00645015_2019-01-03'
 '06800135_2018-11-08' '05445922_2017-09-30' '09578463_2017-06-05'
 '06516481_2018-05-30' '08066742_2018-09-12' '07491176_2018-09-14'
 '01580851_2018-01-29' '02555553_2017-03-20' '06223740_2018-10-22'
 'SC211905_2018-05-04' '09976915_2018-05-14' '08491028_2018-08-03'
 '07238703_2019-02-05' '02567814_2018-12-21' '01346397_2018-12-14'
 '01234173_2018-02-21' '02442769_2017-01-30' '07773187_2018-11-14'
 '07428157_2018-09-20' '09469412_2019-01-05' '03247348_2018-05-29'
 '03209358_2018-09-28' '06734246_2018-04-25' '02683337_2018-12-31'
 '09869872_2019-01-22' '08282435_2018-04-11' 'OC347970_2018-08-02'
 'OC341283_2018-09-11' '09165062_2018-08-30' 'OC365965_2017-08-15'
 '06540708_2018-04-03' 'SC272499_2018-04-17' '07228603_2019-01-05'
 '01246756_2018-12-28' '08337863_2018-05-03' '04915241_2018-09-05'
 '04609439_2018-06-06' 'SC226980_2018-05-04' '04283540_2018-04-26'
 '08699242_2017-04-06' '06476929_2018-08-08' '04425595_2018-07-10'
 '08238988_2018-10-31' '05407505_2018-10-02' '09148650_2017-08-24'
 '09789710_2018-05-12' 'NI613113_2018-09-14' '08948605_2018-08-16'
 'OC383149_2018-12-17' '09277272_2017-01-20' '08673651_2018-09-18'
 '03976947_2018-05-24' '07275849_2018-10-12' '00757019_2018-11-15'
 '05355799_2018-08-08' '09125604_2018-04-19' '06512269_2018-05-24'
 '00904957_2018-09-13' '06994779_2019-01-10' '07291750_2018-05-03'
 'NI625203_2017-08-29' '08635571_2018-05-18' '03355916_2018-03-16'
 '08464812_2019-01-07' '00854266_2018-09-26' '01500876_2018-09-30'
 '03010158_2018-08-08' 'OC412019_2019-02-08' 'SC381770_2018-09-27'
 'NI617191_2018-05-14' 'OC383390_2018-12-09' '01551487_2018-06-29'
 '01167325_2018-10-06' '06873409_2019-01-22' '02688973_2018-12-21'
 '06203212_2018-12-12' '02277759_2018-12-03' '04309557_2018-12-21'
 '06912932_2019-01-28' '08205725_2018-12-14' '05783050_2018-04-06'
 '04544159_2019-01-14' '09947841_2018-11-07' '03936983_2018-07-17'
 'SC281238_2018-11-27' '07987156_2018-12-19' '09905204_2019-01-28'
 '01435665_2018-05-09' '04750335_2019-01-18' '03828538_2018-06-07'
 '04001138_2018-03-07' '10694121_2018-07-16' '03013552_2018-06-13'
 '05218852_2019-02-08' '01902690_2019-01-08' '09940646_2018-10-25'
 'NI020853_2018-05-15' '09518150_2018-05-15' '03118854_2017-06-09'
 '06749253_2019-01-03' '01894501_2018-11-19' '08868378_2018-11-21'
 '06015649_2018-09-30' 'SC215503_2018-09-25' '07358920_2018-05-11'
 '09834474_2018-09-05' '06381573_2018-09-25' '02599961_2019-02-04'
 '02671511_2018-03-22' '04571349_2018-06-25' '09885382_2018-10-04'
 '09565689_2018-05-27' 'OC363306_2018-12-24' '02027689_2018-10-01'
 '04925061_2018-08-16' '08287045_2018-11-20' '06117316_2018-08-10'
 '00877137_2018-09-30' '07692515_2017-04-29' '07200267_2018-12-21'
 '04899353_2018-05-23' '09603572_2017-09-20' '06054549_2018-10-19'
 '10072143_2018-12-22' '07564261_2018-12-18' '03612400_2018-06-01'
 '04567806_2018-12-18' '08401600_2018-04-06' '08217483_2018-12-24'
 '03778193_2018-09-13' '09187690_2018-10-03' '02860394_2018-06-06'
 'OC353820_2018-08-21' '09058573_2017-06-27' '01291565_2018-10-17'
 '05403974_2018-05-23' '09954672_2018-10-02' '02734059_2018-06-21'
 '06041876_2018-09-10' 'SC038800_2018-06-22' '09027292_2019-02-13'
 '08614121_2017-06-29' '09782845_2018-09-17' '07861414_2018-09-28'
 '03725162_2018-12-13' '01912551_2018-05-24' '02478328_2018-09-30'
 '01675457_2018-06-26' '09256949_2018-09-30' '05476131_2018-07-10'
 '08056186_2017-04-27' '06403212_2019-01-02' '08456856_2018-12-17'
 '10883160_2018-10-05' 'OC345647_2018-05-15' '03320318_2018-09-19'
 'SC094096_2018-10-03' '08955915_2018-12-27']",188,0.3715415019762846,7,195,0.38537549407114624
creditors amounts falling due after more than one year,"['05457103_2018-08-10' '06757157_2018-08-15' '05477483_2018-08-07'
 '08257555_2018-11-01' '03799358_2018-08-20' '02193829_2018-09-21'
 '07314921_2018-06-21' 'OC352633_2018-11-07' 'OC412450_2018-02-19'
 '02559683_2018-05-09' '07025669_2018-01-09' '01684721_2018-05-24'
 '00645015_2019-01-03' '05445922_2017-09-30' '01581154_2018-07-24'
 '01580851_2018-01-29' '06223740_2018-10-22' '08296561_2019-01-21'
 '09976915_2018-05-14' '08491028_2018-08-03' '05219123_2018-08-13'
 '10472854_2018-10-04' '03085506_2018-06-27' '04283540_2018-04-26'
 '08238988_2018-10-31' '05407505_2018-10-02' 'NI613113_2018-09-14'
 '08673651_2018-09-18' '06871487_2018-07-19' '10856080_2019-01-07'
 '06244683_2018-09-13' '03355916_2018-03-16' '03010158_2018-08-08'
 '06436404_2018-05-15' '04309557_2018-12-21' '05783050_2018-04-06'
 'SC281238_2018-11-27' '04750335_2019-01-18' '05218852_2019-02-08'
 'SC472836_2018-10-31' '03118854_2017-06-09' '06749253_2019-01-03'
 'SC215503_2018-09-25' '09565689_2018-05-27' '06117316_2018-08-10'
 '05242411_2018-03-21' 'SC392607_2018-01-15' '09027292_2019-02-13'
 '06928061_2019-01-07' '07861414_2018-09-28' '04947762_2018-08-13']",51,0.1007905138339921,14,65,0.12845849802371542
creditors amounts falling due within one year,"['05457103_2018-08-10' '06757157_2018-08-15' '04578942_2018-09-10'
 '07508665_2018-04-04' '02736280_2018-01-18' '06551042_2017-09-29'
 '06638282_2018-05-10' '08658092_2018-07-10' '01848334_2018-11-19'
 '10796182_2018-11-13' '04192928_2018-10-21' '05477483_2018-08-07'
 '08257555_2018-11-01' '01836313_2018-09-30' '03799358_2018-08-20'
 '09104588_2018-12-28' '05017650_2018-09-13' '02193829_2018-09-21'
 '10281039_2018-04-25' '01557781_2019-01-24' '02480303_2018-09-25'
 '07314921_2018-06-21' 'OC352633_2018-11-07' '03551533_2018-10-07'
 'OC412450_2018-02-19' 'OC342862_2018-10-24' '04848475_2018-10-06'
 'SC503875_2018-05-04' '06646629_2018-07-17' 'OC312612_2018-10-24'
 'SC312228_2018-09-10' '01684721_2018-05-24' '00701225_2018-10-23'
 '00645015_2019-01-03' '05738042_2018-10-12' '01205530_2018-04-04'
 '06800135_2018-11-08' '01581154_2018-07-24' '06516481_2018-05-30'
 '08066742_2018-09-12' '10625857_2018-11-15' '04176450_2018-12-07'
 '01580851_2018-01-29' '02555553_2017-03-20' 'SC211905_2018-05-04'
 '09976915_2018-05-14' '08491028_2018-08-03' '05468650_2017-11-15'
 '07238703_2019-02-05' '07068932_2018-05-31' '01346397_2018-12-14'
 '04155448_2018-11-26' '05983990_2019-02-04' '05219123_2018-08-13'
 '01850583_2018-07-09' '02442769_2017-01-30' '00696473_2018-09-14'
 '06985246_2018-06-06' '03209358_2018-09-28' '04779767_2018-09-24'
 '11060238_2019-02-07' '02641437_2019-01-02' '02683337_2018-12-31'
 '10342870_2018-05-23' '05750738_2018-07-13' '10472854_2018-10-04'
 '08282435_2018-04-11' '04107434_2018-03-22' 'OC341283_2018-09-11'
 '09165062_2018-08-30' '06540708_2018-04-03' '09380893_2018-05-24'
 '07228603_2019-01-05' '10385861_2019-01-02' '10254825_2018-03-29'
 '04915241_2018-09-05' '04609439_2018-06-06' 'SC226980_2018-05-04'
 '04283540_2018-04-26' '06476929_2018-08-08' '04425595_2018-07-10'
 '08238988_2018-10-31' '05407505_2018-10-02' '09789710_2018-05-12'
 'NI613113_2018-09-14' '10635902_2018-05-22' 'OC383149_2018-12-17'
 '08673651_2018-09-18' '06871487_2018-07-19' '09934732_2018-09-17'
 '09542334_2019-01-29' '07275849_2018-10-12' '00757019_2018-11-15'
 '05355799_2018-08-08' '09708034_2018-05-22' '09819650_2018-05-31'
 '10474132_2018-11-06' '09125604_2018-04-19' 'NI636570_2018-12-05'
 '08814444_2018-09-10' '06244683_2018-09-13' 'OC407377_2018-12-31'
 '02552255_2018-10-15' '05026996_2018-08-15' '08252329_2019-01-18'
 '06994779_2019-01-10' '03355916_2018-03-16' '08464812_2019-01-07'
 '00854266_2018-09-26' '01500876_2018-09-30' '03128528_2018-05-30'
 '03010158_2018-08-08' '02670424_2018-03-06' 'SC381770_2018-09-27'
 'NI617191_2018-05-14' 'OC383390_2018-12-09' '08455384_2018-10-25'
 '06436404_2018-05-15' '09669202_2018-04-09' '09742211_2019-01-16'
 '01167325_2018-10-06' '05824628_2018-10-16' '10748926_2019-01-31'
 '06873409_2019-01-22' '07160552_2018-11-30' '02688973_2018-12-21'
 '03843550_2018-12-20' '06203212_2018-12-12' 'OC307979_2018-10-22'
 '04309557_2018-12-21' '05259054_2018-05-31' '05783050_2018-04-06'
 '04544159_2019-01-14' '09947841_2018-11-07' '03936983_2018-07-17'
 '09827589_2018-12-19' '09783674_2018-12-21' '05032067_2018-10-15'
 'SC281238_2018-11-27' '05529094_2017-11-24' '05890653_2018-05-27'
 '09926174_2019-02-01' '09967078_2018-01-23' '01825148_2018-08-14'
 '01435665_2018-05-09' '04750335_2019-01-18' '03828538_2018-06-07'
 '06288859_2018-06-26' '09672543_2018-12-14' '09613324_2018-10-26'
 '05218852_2019-02-08' 'NI020853_2018-05-15' 'OC311193_2018-10-25'
 'SC472836_2018-10-31' '09514102_2019-01-03' '06775822_2018-09-28'
 '04638871_2018-08-30' '09518150_2018-05-15' '03118854_2017-06-09'
 '06749253_2019-01-03' '01894501_2018-11-19' '08183811_2018-12-28'
 '05290340_2018-01-09' '05989934_2018-10-04' '03800292_2018-03-08'
 '07076803_2018-05-24' '04126929_2018-07-17' 'SC215503_2018-09-25'
 '05447878_2017-05-12' 'SC031515_2018-09-12' '07878925_2018-05-11'
 '09834474_2018-09-05' '02599961_2019-02-04' '02671511_2018-03-22'
 '07317239_2018-08-17' '04571349_2018-06-25' '09565689_2018-05-27'
 'OC363306_2018-12-24' '08400096_2018-02-02' '02027689_2018-10-01'
 '04925061_2018-08-16' '08287045_2018-11-20' '06117316_2018-08-10'
 '04119246_2018-04-03' '00877137_2018-09-30' '05242411_2018-03-21'
 '09603572_2017-09-20' '07293162_2018-10-11' '05859829_2018-12-06'
 '10072143_2018-12-22' '07564261_2018-12-18' '04067971_2018-05-21'
 '05860129_2018-03-27' '03612400_2018-06-01' '04567806_2018-12-18'
 '02704700_2018-10-08' '08401600_2018-04-06' '01146564_2018-11-22'
 '10049791_2018-01-26' '08217483_2018-12-24' 'SC392607_2018-01-15'
 'OC417240_2018-10-02' '03778193_2018-09-13' '10618160_2018-11-12'
 '10349825_2018-05-11' '09187690_2018-10-03' '08446267_2018-12-13'
 '08627608_2018-04-27' '01291565_2018-10-17' '05403974_2018-05-23'
 '02734059_2018-06-21' '06041876_2018-09-10' 'SC038800_2018-06-22'
 '09027292_2019-02-13' '06928061_2019-01-07' '09606891_2019-01-08'
 '09782845_2018-09-17' '07861414_2018-09-28' '01912551_2018-05-24'
 '02478328_2018-09-30' '01675457_2018-06-26' '03808852_2018-10-03'
 '08708339_2018-05-16' '09256949_2018-09-30' 'OC370074_2018-09-10'
 '05476131_2018-07-10' '04837764_2018-06-19' '08056186_2017-04-27'
 '06403212_2019-01-02' '08456856_2018-12-17' '01050578_2018-11-07'
 '03009426_2018-05-08' '10883160_2018-10-05' 'OC345647_2018-05-15'
 '07792956_2018-09-24' '03531311_2018-11-29' '08857138_2018-10-30'
 'SC094096_2018-10-03']",238,0.47035573122529645,36,274,0.541501976284585
current assets,"['09946357_2018-10-11' '04210567_2018-06-13' '02480303_2018-09-25'
 '07314921_2018-06-21' '05305200_2018-11-27' '02559683_2018-05-09'
 '09831466_2018-09-13' 'SC503875_2018-05-04' '05738042_2018-10-12'
 '05157431_2018-06-06' '06989049_2018-05-01' '07909379_2018-12-11'
 '05468650_2017-11-15' '07068932_2018-05-31' '04155448_2018-11-26'
 '00696473_2018-09-14' '06985246_2018-06-06' '05750738_2018-07-13'
 '09669697_2018-09-25' '09380893_2018-05-24' '06871487_2018-07-19'
 '09934732_2018-09-17' '09542334_2019-01-29' 'SC470463_2018-11-30'
 '09708034_2018-05-22' '09819650_2018-05-31' '02572448_2018-10-31'
 '08814444_2018-09-10' '06244683_2018-09-13' '05026996_2018-08-15'
 '08252329_2019-01-18' '07210595_2018-10-05' '03128528_2018-05-30'
 '08455384_2018-10-25' '05560206_2018-05-17' '05824628_2018-10-16'
 '07876754_2018-12-12' '05259054_2018-05-31' '09783674_2018-12-21'
 '05032067_2018-10-15' '09569080_2019-01-24' '05890653_2018-05-27'
 '09926174_2019-02-01' '10129537_2018-07-12' '09613324_2018-10-26'
 '08199321_2018-06-14' 'SC472836_2018-10-31' '06775822_2018-09-28'
 '04638871_2018-08-30' '06786096_2018-11-29' '03901367_2017-08-29'
 '07076803_2018-05-24' '08400096_2018-02-02' '08323655_2018-10-02'
 '04119246_2018-04-03' '07162861_2018-11-06' '08446267_2018-12-13'
 '08627608_2018-04-27' '06928061_2019-01-07' '04709905_2018-10-16'
 '09594612_2018-02-13' '08827983_2018-09-17' '04837764_2018-06-19'
 '04947762_2018-08-13' '09372240_2019-01-09' '05230931_2018-05-21'
 '08857138_2018-10-30']",67,0.1324110671936759,3,70,0.1383399209486166
current liabilities,"['02723119_2018-07-10' '09104588_2018-12-28' '00506612_2018-09-26'
 '01246756_2018-12-28' '03013552_2018-06-13' '01581736_2018-10-02']",6,0.011857707509881422,6,12,0.023715415019762844
debtors,"['05457103_2018-08-10' '06757157_2018-08-15' '10339765_2018-05-21'
 '07508665_2018-04-04' '02736280_2018-01-18' '06638282_2018-05-10'
 '09360896_2018-05-21' '02723119_2018-07-10' '10481329_2018-09-21'
 '01625851_2018-10-26' '08658092_2018-07-10' '10796182_2018-11-13'
 '08342128_2018-09-28' '04192928_2018-10-21' '05477483_2018-08-07'
 'SC530730_2018-12-07' '01836313_2018-09-30' '03799358_2018-08-20'
 '05017650_2018-09-13' '02193829_2018-09-21' '06624889_2018-04-04'
 '10281039_2018-04-25' '09877836_2018-10-08' '08908626_2018-05-11'
 'OC412450_2018-02-19' '07025669_2018-01-09' 'OC342862_2018-10-24'
 '06646629_2018-07-17' 'OC312612_2018-10-24' 'SC312228_2018-09-10'
 '01684721_2018-05-24' '02031807_2018-03-21' '00701225_2018-10-23'
 '09303330_2018-03-15' '00645015_2019-01-03' '01205530_2018-04-04'
 '06800135_2018-11-08' '10340513_2018-05-22' '09940236_2018-10-06'
 '01581154_2018-07-24' '08066742_2018-09-12' '07491176_2018-09-14'
 '10625857_2018-11-15' '04176450_2018-12-07' '10557156_2018-10-01'
 '01580851_2018-01-29' '02555553_2017-03-20' 'SC211905_2018-05-04'
 '02874994_2018-09-05' '02865602_2018-06-20' '01688205_2018-12-31'
 '02567814_2018-12-21' '05983990_2019-02-04' '05219123_2018-08-13'
 'SC215880_2018-08-16' '01234173_2018-02-21' '02442769_2017-01-30'
 '07428157_2018-09-20' '09586207_2019-01-12' '03209358_2018-09-28'
 '04779767_2018-09-24' '11060238_2019-02-07' '02683337_2018-12-31'
 '10342870_2018-05-23' '05292814_2018-07-04' '09869872_2019-01-22'
 'OC341283_2018-09-11' '09165062_2018-08-30' '06540708_2018-04-03'
 'SC272499_2018-04-17' '07228603_2019-01-05' '10385861_2019-01-02'
 '01246756_2018-12-28' '08337863_2018-05-03' '10254825_2018-03-29'
 '04915241_2018-09-05' '04609439_2018-06-06' '09135113_2018-01-05'
 '04283540_2018-04-26' '05105318_2019-01-14' '04425595_2018-07-10'
 '08238988_2018-10-31' '05542048_2018-09-20' '03431665_2018-01-09'
 '05407505_2018-10-02' 'NI613113_2018-09-14' '10635902_2018-05-22'
 '02706351_2018-08-13' '08948605_2018-08-16' '08524615_2018-09-17'
 'OC383149_2018-12-17' '09277272_2017-01-20' '03976947_2018-05-24'
 '00757019_2018-11-15' '10474132_2018-11-06' '06350263_2018-05-31'
 '08941680_2018-07-03' '04905451_2018-06-29' '06377386_2018-09-21'
 '00904957_2018-09-13' '06994779_2019-01-10' '07291750_2018-05-03'
 'NI625203_2017-08-29' '03355916_2018-03-16' '08464812_2019-01-07'
 '00854266_2018-09-26' '01500876_2018-09-30' '02712039_2017-10-06'
 '09776690_2018-07-04' '03010158_2018-08-08' '02670424_2018-03-06'
 'NI617191_2018-05-14' 'OC383390_2018-12-09' '01551487_2018-06-29'
 '09669202_2018-04-09' '03708614_2018-07-03' '03440203_2019-02-07'
 '10748926_2019-01-31' '06873409_2019-01-22' '07100402_2018-07-31'
 '01713181_2018-12-12' '03843550_2018-12-20' 'SC336085_2019-01-03'
 '03186874_2018-10-07' 'OC389955_2017-08-16' '09164548_2018-01-08'
 '07221470_2019-01-09' '04729479_2018-10-15' '06203212_2018-12-12'
 '02277759_2018-12-03' '09769485_2019-01-28' '04309557_2018-12-21'
 '00500613_2018-05-25' '00410453_2018-09-03' '08205725_2018-12-14'
 '05783050_2018-04-06' 'SC281238_2018-11-27' '07987156_2018-12-19'
 '03216059_2018-07-24' '00688455_2018-10-10' '01825148_2018-08-14'
 '04750335_2019-01-18' '06288859_2018-06-26' 'OC324745_2018-09-17'
 '04911695_2018-02-01' '05218852_2019-02-08' '01902690_2019-01-08'
 'NI020853_2018-05-15' '04999616_2017-08-01' '09518150_2018-05-15'
 '06749253_2019-01-03' '08868378_2018-11-21' '05290340_2018-01-09'
 '06559854_2019-01-17' '10461295_2018-08-06' '03800292_2018-03-08'
 '10819660_2018-09-20' '06995435_2018-07-02' 'SC215503_2018-09-25'
 'SC031515_2018-09-12' '07878925_2018-05-11' 'SC505813_2018-05-31'
 '09834474_2018-09-05' '06381573_2018-09-25' '00145374_2018-05-02'
 '02671511_2018-03-22' '04571349_2018-06-25' '09565689_2018-05-27'
 'OC363306_2018-12-24' '10379866_2018-09-19' '06117316_2018-08-10'
 '00877137_2018-09-30' '04730594_2019-02-05' '07692515_2017-04-29'
 '05242411_2018-03-21' '07200267_2018-12-21' '06054549_2018-10-19'
 '07293162_2018-10-11' '10072143_2018-12-22' '07564261_2018-12-18'
 '05860129_2018-03-27' '03612400_2018-06-01' '08401600_2018-04-06'
 '01146564_2018-11-22' '08217483_2018-12-24' '02197238_2018-10-04'
 '10618160_2018-11-12' '10349825_2018-05-11' '09187690_2018-10-03'
 '01291565_2018-10-17' '02734059_2018-06-21' '06041876_2018-09-10'
 '09782845_2018-09-17' '04317894_2018-06-11' '01912551_2018-05-24'
 '02478328_2018-09-30' '01675457_2018-06-26' '08708339_2018-05-16'
 '09256949_2018-09-30' '05476131_2018-07-10' '08056186_2017-04-27'
 '06403212_2019-01-02' '09001323_2017-11-23' '01050578_2018-11-07'
 '03009426_2018-05-08' 'OC345647_2018-05-15' '03320318_2018-09-19'
 'SC406554_2018-10-03' '09154504_2017-06-16' 'SC094096_2018-10-03'
 '08955915_2018-12-27']",211,0.41699604743083,4,215,0.424901185770751
debtors    cash at bank,"['06245930_2018-02-02' '03559112_2018-12-18' '09091904_2018-05-14'
 '05177605_2018-10-04' '04595098_2018-06-20' '09672543_2018-12-14'
 'SC315245_2017-11-13']",7,0.01383399209486166,2,9,0.017786561264822136
debtors    cash at bank and in hand,"['02215326_2017-10-23' '04107434_2018-03-22' '06436404_2018-05-15'
 '09514102_2019-01-03' '07183803_2018-12-12' '09606891_2019-01-08'
 '03531311_2018-11-29']",7,0.01383399209486166,4,11,0.021739130434782608
debtors amounts falling due within one year,"['01848334_2018-11-19' '05549284_2018-04-05' '09104588_2018-12-28'
 '08774049_2018-03-16' 'OC352633_2018-11-07' '03551533_2018-10-07'
 '04848475_2018-10-06' '09976915_2018-05-14' '08491028_2018-08-03'
 '07238703_2019-02-05' '03830932_2018-08-16' '07275849_2018-10-12'
 '05355799_2018-08-08' '07444976_2018-12-27' '09125604_2018-04-19'
 '02688973_2018-12-21' '10694121_2018-07-16' 'OC311193_2018-10-25'
 '02599961_2019-02-04' '02027689_2018-10-01' '09603572_2017-09-20'
 '03778193_2018-09-13' 'OC353820_2018-08-21' 'SC038800_2018-06-22'
 '07861414_2018-09-28' 'OC370074_2018-09-10' '10883160_2018-10-05'
 '07792956_2018-09-24']",28,0.05533596837944664,4,32,0.06324110671936758
deferred tax,"['00851110_2018-10-07' '01848334_2018-11-19' 'SC312228_2018-09-10'
 '09976915_2018-05-14' '08491028_2018-08-03' '07238703_2019-02-05'
 '01346397_2018-12-14' '03951948_2018-10-01' '02641437_2019-01-02'
 '05407505_2018-10-02' '07275849_2018-10-12' '07317239_2018-08-17'
 '02027689_2018-10-01' '03778193_2018-09-13' '01675457_2018-06-26'
 '10883160_2018-10-05']",16,0.03162055335968379,1,17,0.03359683794466403
donations and legacies,"['03559112_2018-12-18' '07221470_2019-01-09' '03828538_2018-06-07'
 '01774753_2018-12-19' '06015649_2018-09-30' '03320318_2018-09-19'
 'SC094096_2018-10-03']",7,0.01383399209486166,1,8,0.015810276679841896
fixed assets,"['06551042_2017-09-29' '07314921_2018-06-21' '05305200_2018-11-27'
 '02559683_2018-05-09' '05468650_2017-11-15' '05750738_2018-07-13'
 'OC315345_2019-01-28' '04103548_2018-08-14' '09542334_2019-01-29'
 '09708034_2018-05-22' '06244683_2018-09-13' '08455384_2018-10-25'
 '05560206_2018-05-17' '07876754_2018-12-12' '05032067_2018-10-15'
 '05529094_2017-11-24' '05890653_2018-05-27' '09926174_2019-02-01'
 '06775822_2018-09-28' '03901367_2017-08-29' '07076803_2018-05-24'
 '08400096_2018-02-02' '06755267_2018-12-13' '08627608_2018-04-27'
 '06928061_2019-01-07' '04709905_2018-10-16' '04837764_2018-06-19'
 '09372240_2019-01-09' 'OC345647_2018-05-15' '05230931_2018-05-21']",30,0.05928853754940711,3,33,0.06521739130434782
intangible assets,"['07508665_2018-04-04' '07987664_2018-11-22' '01836313_2018-09-30'
 '08908626_2018-05-11' '07025669_2018-01-09' '06800135_2018-11-08'
 'SC211905_2018-05-04' '09976915_2018-05-14' '02641437_2019-01-02'
 '06734246_2018-04-25' '03085506_2018-06-27' '04609439_2018-06-06'
 '03830932_2018-08-16' '05407505_2018-10-02' '08524615_2018-09-17'
 '07275849_2018-10-12' '01167325_2018-10-06' '03843550_2018-12-20'
 'OC307979_2018-10-22' '04750335_2019-01-18' '08183811_2018-12-28'
 '09565689_2018-05-27' '08401600_2018-04-06' '03778193_2018-09-13'
 '07861414_2018-09-28' '08708339_2018-05-16']",26,0.05138339920948617,6,32,0.06324110671936758
inventories,"['07427985_2018-08-22' '05445922_2017-09-30' '06024424_2018-09-17'
 '01167325_2018-10-06' '03827293_2018-08-21' '05216450_2018-11-16'
 '03013552_2018-06-13' '00877137_2018-09-30']",8,0.015810276679841896,1,9,0.017786561264822136
investment property,"['01346397_2018-12-14' '07428157_2018-09-20' '08673651_2018-09-18'
 '00688455_2018-10-10' '10461295_2018-08-06' '10819660_2018-09-20'
 '01675457_2018-06-26']",7,0.01383399209486166,2,9,0.017786561264822136
investments,"['04267912_2018-10-04' '02736280_2018-01-18' '09104588_2018-12-28'
 '06624889_2018-04-04' '03551533_2018-10-07' '07025669_2018-01-09'
 '02676624_2018-09-28' 'SC312228_2018-09-10' '00701225_2018-10-23'
 '01205530_2018-04-04' '10625857_2018-11-15' '01580851_2018-01-29'
 '01346397_2018-12-14' 'SC215880_2018-08-16' '01234173_2018-02-21'
 '03209358_2018-09-28' '02641437_2019-01-02' '03085506_2018-06-27'
 'SC272499_2018-04-17' '01246756_2018-12-28' '06476929_2018-08-08'
 '05407505_2018-10-02' '08948605_2018-08-16' '07444976_2018-12-27'
 '09125604_2018-04-19' '00904957_2018-09-13' '00854266_2018-09-26'
 '01551487_2018-06-29' '01167325_2018-10-06' '02688973_2018-12-21'
 '09947841_2018-11-07' '05351022_2018-09-18' '05121287_2018-03-27'
 '00688455_2018-10-10' '01825148_2018-08-14' '06288859_2018-06-26'
 '05989934_2018-10-04' '03800292_2018-03-08' 'SC215503_2018-09-25'
 '00145374_2018-05-02' '09565689_2018-05-27' '04925061_2018-08-16'
 'OC330373_2018-08-03' '04730594_2019-02-05' '07200267_2018-12-21'
 '06755267_2018-12-13' '07293162_2018-10-11' '08401600_2018-04-06'
 'OC411998_2018-08-28' '09187690_2018-10-03' '02860394_2018-06-06'
 '09070307_2018-12-18' '04317894_2018-06-11' '02478328_2018-09-30'
 '10776218_2018-03-22' '09001323_2017-11-23' '09154504_2017-06-16']",57,0.11264822134387352,2,59,0.116600790513834
liabilities,"['09946357_2018-10-11' '07987664_2018-11-22' '05549284_2018-04-05'
 'SC530730_2018-12-07' '08774049_2018-03-16' '08908626_2018-05-11'
 '02215326_2017-10-23' '09303330_2018-03-15' '04176450_2018-12-07'
 '07909379_2018-12-11' '10208054_2018-06-27' 'SC215880_2018-08-16'
 '01234173_2018-02-21' '09586207_2019-01-12' '03661209_2018-09-13'
 '09669697_2018-09-25' '04107434_2018-03-22' 'SC226980_2018-05-04'
 '08524615_2018-09-17' 'SC470463_2018-11-30' '09091904_2018-05-14'
 '06350263_2018-05-31' '00904957_2018-09-13' '07210595_2018-10-05'
 '05177605_2018-10-04' '03708614_2018-07-03' '03440203_2019-02-07'
 '07221470_2019-01-09' '07876754_2018-12-12' '00410453_2018-09-03'
 '04817286_2017-11-29' '00688455_2018-10-10' '04595098_2018-06-20'
 '04911695_2018-02-01' '08199321_2018-06-14' 'SC425845_2018-08-08'
 '01902690_2019-01-08' 'SC062350_2019-01-30' '06995435_2018-07-02'
 '07183803_2018-12-12' 'SC505813_2018-05-31' '00877137_2018-09-30'
 '07692515_2017-04-29' '07162861_2018-11-06' '03988201_2018-05-23'
 '09070307_2018-12-18' 'SC038800_2018-06-22' '04709905_2018-10-16'
 '09372240_2019-01-09' '09001323_2017-11-23' '03320318_2018-09-19'
 '05230931_2018-05-21']",52,0.10276679841897234,4,56,0.11067193675889328
loans and other debts due to members,"['NC000295_2018-12-19' 'OC352633_2018-11-07' 'OC347970_2018-08-02'
 'OC341283_2018-09-11' 'OC315345_2019-01-28' 'OC383149_2018-12-17'
 'OC383390_2018-12-09' 'OC307979_2018-10-22' 'OC353820_2018-08-21'
 'OC370074_2018-09-10' 'OC345647_2018-05-15']",11,0.021739130434782608,3,14,0.02766798418972332
members other interests,"['OC342862_2018-10-24' 'OC312612_2018-10-24' 'OC383390_2018-12-09'
 'OC311193_2018-10-25' 'OC363306_2018-12-24' 'OC411998_2018-08-28'
 'OC353820_2018-08-21' 'OC370074_2018-09-10']",8,0.015810276679841896,1,9,0.017786561264822136
net assets,"['05457103_2018-08-10' '07508665_2018-04-04' '09727421_2018-05-07'
 '10120241_2018-07-25' '02736280_2018-01-18' '06638282_2018-05-10'
 '06199992_2018-05-11' '01625851_2018-10-26' '07987664_2018-11-22'
 '00851110_2018-10-07' '08658092_2018-07-10' '01848334_2018-11-19'
 '08342128_2018-09-28' '04192928_2018-10-21' '05549284_2018-04-05'
 '05477483_2018-08-07' '08257555_2018-11-01' '03799358_2018-08-20'
 '09694429_2018-11-27' '02193829_2018-09-21' '08774049_2018-03-16'
 '08512069_2018-07-11' '02480303_2018-09-25' 'OC352633_2018-11-07'
 '05305200_2018-11-27' '08908626_2018-05-11' '03551533_2018-10-07'
 '02559683_2018-05-09' '07025669_2018-01-09' '02215326_2017-10-23'
 '09683278_2018-05-31' 'SC312228_2018-09-10' '01684721_2018-05-24'
 '00701225_2018-10-23' '00645015_2019-01-03' '06800135_2018-11-08'
 '03337861_2018-11-13' '01581154_2018-07-24' '09578463_2017-06-05'
 '06516481_2018-05-30' '08066742_2018-09-12' '06989049_2018-05-01'
 '03824389_2018-09-10' '01580851_2018-01-29' '02555553_2017-03-20'
 '06223740_2018-10-22' '08296561_2019-01-21' 'SC211905_2018-05-04'
 '08491028_2018-08-03' '07899958_2018-10-22' '07238703_2019-02-05'
 '05219123_2018-08-13' '07773187_2018-11-14' '00696473_2018-09-14'
 '03247348_2018-05-29' '04779767_2018-09-24' '03951948_2018-10-01'
 '02641437_2019-01-02' '02683337_2018-12-31' '05750738_2018-07-13'
 '04107434_2018-03-22' 'OC341283_2018-09-11' '03085506_2018-06-27'
 '09165062_2018-08-30' 'OC365965_2017-08-15' 'SC272499_2018-04-17'
 '07228603_2019-01-05' '01246756_2018-12-28' '08337863_2018-05-03'
 '03990225_2018-05-01' '04609439_2018-06-06' 'SC226980_2018-05-04'
 '04022527_2019-02-13' '04283540_2018-04-26' '08699242_2017-04-06'
 '06476929_2018-08-08' '08238988_2018-10-31' '05407505_2018-10-02'
 '09148650_2017-08-24' '09789710_2018-05-12' 'NI613113_2018-09-14'
 '06363165_2018-03-07' '09658334_2018-05-15' '08948605_2018-08-16'
 '08524615_2018-09-17' 'OC383149_2018-12-17' '06665148_2018-10-18'
 '10155776_2018-05-07' '10122393_2019-01-22' '08673651_2018-09-18'
 '06871487_2018-07-19' '07275849_2018-10-12' '00757019_2018-11-15'
 '07444976_2018-12-27' '09819650_2018-05-31' '06350263_2018-05-31'
 '09125604_2018-04-19' '08646989_2018-10-07' '06512269_2018-05-24'
 '08814444_2018-09-10' '00904957_2018-09-13' '10317198_2018-09-06'
 '08252329_2019-01-18' '07291750_2018-05-03' '08635571_2018-05-18'
 '08464812_2019-01-07' '00854266_2018-09-26' '05260638_2018-05-02'
 '01500876_2018-09-30' '03128528_2018-05-30' '03010158_2018-08-08'
 '05177605_2018-10-04' '06436404_2018-05-15' '08778584_2018-09-03'
 '05560206_2018-05-17' '01167325_2018-10-06' '03440203_2019-02-07'
 '06873409_2019-01-22' '02688973_2018-12-21' 'SC336085_2019-01-03'
 '07221470_2019-01-09' '02277759_2018-12-03' '04309557_2018-12-21'
 '06912932_2019-01-28' '00410453_2018-09-03' '06757947_2018-09-03'
 '09827589_2018-12-19' '03827293_2018-08-21' '10632949_2018-09-18'
 '05890653_2018-05-27' '05121287_2018-03-27' '09926174_2019-02-01'
 '01825148_2018-08-14' '01435665_2018-05-09' '06288859_2018-06-26'
 '04001138_2018-03-07' '03013552_2018-06-13' '09672543_2018-12-14'
 '05218852_2019-02-08' '01902690_2019-01-08' '09940646_2018-10-25'
 'NI020853_2018-05-15' 'OC311193_2018-10-25' 'SC472836_2018-10-31'
 '09514102_2019-01-03' '06775822_2018-09-28' '09518150_2018-05-15'
 '07660688_2018-09-21' '03118854_2017-06-09' '06749253_2019-01-03'
 '08868378_2018-11-21' '05290340_2018-01-09' '06559854_2019-01-17'
 '03901367_2017-08-29' '03972790_2019-01-15' '07183803_2018-12-12'
 'SC215503_2018-09-25' '05447878_2017-05-12' '07358920_2018-05-11'
 '07729560_2018-05-30' '07878925_2018-05-11' 'SC505813_2018-05-31'
 '09174155_2018-05-08' '09834474_2018-09-05' '06381573_2018-09-25'
 '02599961_2019-02-04' '02671511_2018-03-22' '07317239_2018-08-17'
 '04571349_2018-06-25' '02027689_2018-10-01' '06117316_2018-08-10'
 '00877137_2018-09-30' '09038360_2019-02-05' '04730594_2019-02-05'
 '05242411_2018-03-21' '06755267_2018-12-13' '04899353_2018-05-23'
 '09603572_2017-09-20' '06054549_2018-10-19' '10072143_2018-12-22'
 '01146564_2018-11-22' 'SC315245_2017-11-13' '08217483_2018-12-24'
 '02197238_2018-10-04' '03778193_2018-09-13' '08948615_2018-07-06'
 'OC411998_2018-08-28' '02860394_2018-06-06' '03988201_2018-05-23'
 'OC353820_2018-08-21' '01291565_2018-10-17' '09954672_2018-10-02'
 '02734059_2018-06-21' 'SC038800_2018-06-22' '06928061_2019-01-07'
 '09606891_2019-01-08' '07861414_2018-09-28' '01912551_2018-05-24'
 '02478328_2018-09-30' '01675457_2018-06-26' '09594612_2018-02-13'
 '08708339_2018-05-16' '09256949_2018-09-30' '05476131_2018-07-10'
 '04837764_2018-06-19' '08056186_2017-04-27' '06403212_2019-01-02'
 '08456856_2018-12-17' '01050578_2018-11-07' '03009426_2018-05-08'
 '03320318_2018-09-19' '07792956_2018-09-24' '09154504_2017-06-16'
 'SC094096_2018-10-03' '08955915_2018-12-27' '04154504_2018-07-03']",216,0.4268774703557312,4,220,0.43478260869565216
net current assets,"['04578942_2018-09-10' 'NC000295_2018-12-19' '07508665_2018-04-04'
 '04210567_2018-06-13' '02736280_2018-01-18' '00851110_2018-10-07'
 '08658092_2018-07-10' '01848334_2018-11-19' '08342128_2018-09-28'
 '04192928_2018-10-21' '05549284_2018-04-05' '05477483_2018-08-07'
 '01836313_2018-09-30' '03799358_2018-08-20' '02193829_2018-09-21'
 '08774049_2018-03-16' '02480303_2018-09-25' '05305200_2018-11-27'
 '08908626_2018-05-11' '03551533_2018-10-07' '09232066_2018-05-08'
 '02215326_2017-10-23' '06646629_2018-07-17' 'SC312228_2018-09-10'
 '01684721_2018-05-24' '00645015_2019-01-03' '01205530_2018-04-04'
 '06800135_2018-11-08' '09940236_2018-10-06' '06516481_2018-05-30'
 '08066742_2018-09-12' '06989049_2018-05-01' '04176450_2018-12-07'
 '01580851_2018-01-29' '02555553_2017-03-20' '06223740_2018-10-22'
 '08296561_2019-01-21' 'SC211905_2018-05-04' '09976915_2018-05-14'
 '08491028_2018-08-03' '03559112_2018-12-18' '04155448_2018-11-26'
 '05219123_2018-08-13' '10208054_2018-06-27' 'SC215880_2018-08-16'
 '01234173_2018-02-21' '07773187_2018-11-14' '07428157_2018-09-20'
 '06985246_2018-06-06' '03209358_2018-09-28' '04779767_2018-09-24'
 '02641437_2019-01-02' '02683337_2018-12-31' '04107434_2018-03-22'
 'OC341283_2018-09-11' '03085506_2018-06-27' 'OC365965_2017-08-15'
 'SC272499_2018-04-17' '01246756_2018-12-28' '08337863_2018-05-03'
 '04609439_2018-06-06' 'SC226980_2018-05-04' '08238988_2018-10-31'
 '05407505_2018-10-02' '09789710_2018-05-12' 'NI613113_2018-09-14'
 '08948605_2018-08-16' 'OC383149_2018-12-17' '06871487_2018-07-19'
 'SC470463_2018-11-30' '07275849_2018-10-12' '00757019_2018-11-15'
 '05355799_2018-08-08' '09708034_2018-05-22' '09091904_2018-05-14'
 '09819650_2018-05-31' '06350263_2018-05-31' '09125604_2018-04-19'
 '08814444_2018-09-10' '06244683_2018-09-13' '00904957_2018-09-13'
 '05026996_2018-08-15' '08252329_2019-01-18' '07291750_2018-05-03'
 '08464812_2019-01-07' '00854266_2018-09-26' '07210595_2018-10-05'
 '01500876_2018-09-30' '03128528_2018-05-30' '03010158_2018-08-08'
 'OC412019_2019-02-08' '05177605_2018-10-04' '02670424_2018-03-06'
 'NI617191_2018-05-14' 'OC383390_2018-12-09' '08455384_2018-10-25'
 '01551487_2018-06-29' '06436404_2018-05-15' '05560206_2018-05-17'
 '03708614_2018-07-03' '01167325_2018-10-06' '03440203_2019-02-07'
 '06873409_2019-01-22' '02688973_2018-12-21' '03843550_2018-12-20'
 '07221470_2019-01-09' '04729479_2018-10-15' '06203212_2018-12-12'
 '02277759_2018-12-03' '04309557_2018-12-21' '07876754_2018-12-12'
 '00500613_2018-05-25' '05259054_2018-05-31' '08205725_2018-12-14'
 '05783050_2018-04-06' '04544159_2019-01-14' '04817286_2017-11-29'
 '09827589_2018-12-19' '03827293_2018-08-21' 'SC281238_2018-11-27'
 '05216450_2018-11-16' '07987156_2018-12-19' '05529094_2017-11-24'
 '05890653_2018-05-27' '05121287_2018-03-27' '00688455_2018-10-10'
 '01825148_2018-08-14' '01435665_2018-05-09' '04750335_2019-01-18'
 '04001138_2018-03-07' '03013552_2018-06-13' '04911695_2018-02-01'
 '05218852_2019-02-08' '08199321_2018-06-14' 'SC425845_2018-08-08'
 '01902690_2019-01-08' 'NI020853_2018-05-15' 'OC311193_2018-10-25'
 '09514102_2019-01-03' '06775822_2018-09-28' '04638871_2018-08-30'
 '09518150_2018-05-15' '07660688_2018-09-21' '08868378_2018-11-21'
 '08183811_2018-12-28' '06786096_2018-11-29' '03901367_2017-08-29'
 '07076803_2018-05-24' '03972790_2019-01-15' 'SC215503_2018-09-25'
 '05447878_2017-05-12' '09834474_2018-09-05' '00145374_2018-05-02'
 '02599961_2019-02-04' '02671511_2018-03-22' '04571349_2018-06-25'
 'OC363306_2018-12-24' '08400096_2018-02-02' '02027689_2018-10-01'
 '09482576_2019-01-04' '04925061_2018-08-16' '04119246_2018-04-03'
 '00877137_2018-09-30' '04730594_2019-02-05' '07692515_2017-04-29'
 '05242411_2018-03-21' '07200267_2018-12-21' '09603572_2017-09-20'
 '06054549_2018-10-19' '05860129_2018-03-27' 'SC315245_2017-11-13'
 '03778193_2018-09-13' '09187690_2018-10-03' '08627608_2018-04-27'
 'OC353820_2018-08-21' '01291565_2018-10-17' '05403974_2018-05-23'
 '09954672_2018-10-02' '09070307_2018-12-18' '02734059_2018-06-21'
 '06041876_2018-09-10' 'SC038800_2018-06-22' '06928061_2019-01-07'
 '09606891_2019-01-08' '09782845_2018-09-17' '07861414_2018-09-28'
 '01912551_2018-05-24' '02478328_2018-09-30' '01675457_2018-06-26'
 '09594612_2018-02-13' '08708339_2018-05-16' '09256949_2018-09-30'
 'OC370074_2018-09-10' '05476131_2018-07-10' '04837764_2018-06-19'
 '04947762_2018-08-13' '08056186_2017-04-27' '06403212_2019-01-02'
 '08456856_2018-12-17' '01050578_2018-11-07' 'OC345647_2018-05-15'
 '03320318_2018-09-19' '05230931_2018-05-21' '07792956_2018-09-24'
 '09154504_2017-06-16' 'SC094096_2018-10-03' '08955915_2018-12-27']",207,0.4090909090909091,8,215,0.424901185770751
net current assets liabilities,"['01625851_2018-10-26' '02531272_2018-10-25' '09683278_2018-05-31'
 '05738042_2018-10-12' '01581154_2018-07-24' '06734246_2018-04-25'
 '09869872_2019-01-22' '09380893_2018-05-24' 'NI636570_2018-12-05'
 '01894501_2018-11-19' '09565689_2018-05-27' '09058573_2017-06-27'
 '08614121_2017-06-29']",13,0.025691699604743084,7,20,0.039525691699604744
net current assetsliabilities,"['04848475_2018-10-06' '05241678_2018-01-22' '02567814_2018-12-21'
 '05750738_2018-07-13' '09165062_2018-08-30' '06994779_2019-01-10'
 'NI625203_2017-08-29' '05032067_2018-10-15']",8,0.015810276679841896,5,13,0.025691699604743084
net current liabilities,"['06757157_2018-08-15' '06551042_2017-09-29' '06638282_2018-05-10'
 '08257555_2018-11-01' '09104588_2018-12-28' '00506612_2018-09-26'
 '01557781_2019-01-24' '09877836_2018-10-08' '07314921_2018-06-21'
 'OC352633_2018-11-07' '03824389_2018-09-10' '05468650_2017-11-15'
 '07238703_2019-02-05' '06024424_2018-09-17' '10472854_2018-10-04'
 '05292814_2018-07-04' '06540708_2018-04-03' '04915241_2018-09-05'
 '06476929_2018-08-08' '04425595_2018-07-10' '08673651_2018-09-18'
 '09934732_2018-09-17' '09542334_2019-01-29' '07444976_2018-12-27'
 '08941680_2018-07-03' '03355916_2018-03-16' 'SC381770_2018-09-27'
 '03074921_2018-09-28' '09669202_2018-04-09' '09742211_2019-01-16'
 '01426212_2018-12-04' 'OC307979_2018-10-22' '00410453_2018-09-03'
 '09947841_2018-11-07' '03216059_2018-07-24' '09905204_2019-01-28'
 '03828538_2018-06-07' '04595098_2018-06-20' '06288859_2018-06-26'
 '08500163_2018-12-19' 'SC062350_2019-01-30' '06749253_2019-01-03'
 '06559854_2019-01-17' '05989934_2018-10-04' '03800292_2018-03-08'
 '06995435_2018-07-02' '07183803_2018-12-12' '07878925_2018-05-11'
 'OC385255_2018-12-17' '07293162_2018-10-11' '10072143_2018-12-22'
 '07564261_2018-12-18' '04067971_2018-05-21' '03612400_2018-06-01'
 '04567806_2018-12-18' '02704700_2018-10-08' '08401600_2018-04-06'
 '01146564_2018-11-22' '08217483_2018-12-24' 'SC392607_2018-01-15'
 '08446267_2018-12-13' '02860394_2018-06-06' '03988201_2018-05-23'
 '09027292_2019-02-13' '04709905_2018-10-16' '09372240_2019-01-09'
 '09001323_2017-11-23' 'SC406554_2018-10-03' '08857138_2018-10-30']",69,0.13636363636363635,4,73,0.1442687747035573
net current liabilitiesassets,"['02559683_2018-05-09' '07025669_2018-01-09' 'OC342862_2018-10-24'
 '00701225_2018-10-23' '07068932_2018-05-31' '01346397_2018-12-14'
 '05983990_2019-02-04' '09164548_2018-01-08' '06117316_2018-08-10'
 '04317894_2018-06-11']",10,0.019762845849802372,7,17,0.03359683794466403
net liabilities,"['06757157_2018-08-15' '04267912_2018-10-04' '06551042_2017-09-29'
 '09104588_2018-12-28' '00506612_2018-09-26' '01557781_2019-01-24'
 '04848475_2018-10-06' 'SC503875_2018-05-04' '09976915_2018-05-14'
 '05468650_2017-11-15' '06024424_2018-09-17' '06540708_2018-04-03'
 '04915241_2018-09-05' '04425595_2018-07-10' '09934732_2018-09-17'
 '09542334_2019-01-29' '03865691_2018-03-15' '03355916_2018-03-16'
 '02712039_2017-10-06' '03074921_2018-09-28' '09669202_2018-04-09'
 '09947841_2018-11-07' 'SC281238_2018-11-27' '05216450_2018-11-16'
 '09905204_2019-01-28' '03800292_2018-03-08' '06995435_2018-07-02'
 '04067971_2018-05-21' '04567806_2018-12-18' '02704700_2018-10-08'
 'SC392607_2018-01-15' '08446267_2018-12-13' '09027292_2019-02-13'
 'SC406554_2018-10-03']",34,0.06719367588932806,1,35,0.0691699604743083
net movement in funds,"['00701225_2018-10-23' '08066742_2018-09-12' '03828538_2018-06-07'
 '06015649_2018-09-30' '06381573_2018-09-25' '07200267_2018-12-21'
 '03531311_2018-11-29' 'SC094096_2018-10-03']",8,0.015810276679841896,1,9,0.017786561264822136
notes,"['05457103_2018-08-10' '02464270_2018-08-16' '08342128_2018-09-28'
 '04192928_2018-10-21' '03799358_2018-08-20' '01557781_2019-01-24'
 'OC342862_2018-10-24' '06646629_2018-07-17' '01205530_2018-04-04'
 'OC338682_2018-11-07' '01688205_2018-12-31' '06024424_2018-09-17'
 '06734246_2018-04-25' '09869872_2019-01-22' '03830932_2018-08-16'
 '09789710_2018-05-12' '04191036_2018-04-10' '00904957_2018-09-13'
 '03074921_2018-09-28' 'OC389955_2017-08-16' '05216450_2018-11-16'
 '10632949_2018-09-18' '07987156_2018-12-19' '05121287_2018-03-27'
 '09518150_2018-05-15' '07660688_2018-09-21' '03118854_2017-06-09'
 '01894501_2018-11-19' '05290340_2018-01-09' '03800292_2018-03-08'
 '03972790_2019-01-15' 'OC363306_2018-12-24' '08287045_2018-11-20'
 '05859829_2018-12-06' '04067971_2018-05-21' '05860129_2018-03-27'
 '02541055_2018-06-21' 'SC392607_2018-01-15' '02197238_2018-10-04'
 '09058573_2017-06-27' '08614121_2017-06-29' '04317894_2018-06-11'
 'OC370074_2018-09-10' '05476131_2018-07-10' '08456856_2018-12-17']",45,0.08893280632411067,1,46,0.09090909090909091
ordinary shares of   each,"['09694429_2018-11-27' '03337861_2018-11-13' '04022527_2019-02-13'
 '10317198_2018-09-06' '09940646_2018-10-25' '09038360_2019-02-05']",6,0.011857707509881422,3,9,0.017786561264822136
prepayments and accrued income,"['05157431_2018-06-06' '05468650_2017-11-15' '04155448_2018-11-26'
 '00696473_2018-09-14' '06871487_2018-07-19' '09708034_2018-05-22'
 '06244683_2018-09-13' '08455384_2018-10-25' '05824628_2018-10-16'
 '05032067_2018-10-15' '05890653_2018-05-27' '04638871_2018-08-30'
 '04571349_2018-06-25' '08627608_2018-04-27' '04837764_2018-06-19']",15,0.029644268774703556,6,21,0.041501976284584984
profit and loss account,"['05457103_2018-08-10' '06757157_2018-08-15' '07508665_2018-04-04'
 '06638282_2018-05-10' '09360896_2018-05-21' '08658092_2018-07-10'
 '01848334_2018-11-19' '08342128_2018-09-28' '04192928_2018-10-21'
 '05477483_2018-08-07' '08257555_2018-11-01' '09104588_2018-12-28'
 '02193829_2018-09-21' '01557781_2019-01-24' '08512069_2018-07-11'
 '03551533_2018-10-07' '04848475_2018-10-06' '09683278_2018-05-31'
 '05241678_2018-01-22' '06646629_2018-07-17' '01684721_2018-05-24'
 '01205530_2018-04-04' '06800135_2018-11-08' '01581154_2018-07-24'
 '06516481_2018-05-30' '07491176_2018-09-14' '04176450_2018-12-07'
 '02555553_2017-03-20' '06223740_2018-10-22' '08296561_2019-01-21'
 'SC211905_2018-05-04' '09976915_2018-05-14' '08491028_2018-08-03'
 '07238703_2019-02-05' '05219123_2018-08-13' '04779767_2018-09-24'
 '02641437_2019-01-02' '06734246_2018-04-25' '09869872_2019-01-22'
 '04107434_2018-03-22' '09165062_2018-08-30' '06540708_2018-04-03'
 'SC272499_2018-04-17' '04915241_2018-09-05' '04609439_2018-06-06'
 'SC226980_2018-05-04' '04283540_2018-04-26' '06476929_2018-08-08'
 '04425595_2018-07-10' '08238988_2018-10-31' '05407505_2018-10-02'
 '09789710_2018-05-12' 'NI613113_2018-09-14' '08673651_2018-09-18'
 '07275849_2018-10-12' '00757019_2018-11-15' '05355799_2018-08-08'
 '07444976_2018-12-27' '03865691_2018-03-15' '09125604_2018-04-19'
 '08941680_2018-07-03' '06994779_2019-01-10' '00854266_2018-09-26'
 '01500876_2018-09-30' '02712039_2017-10-06' 'SC381770_2018-09-27'
 '06436404_2018-05-15' '09669202_2018-04-09' '06873409_2019-01-22'
 '02688973_2018-12-21' '00500613_2018-05-25' '05783050_2018-04-06'
 '09947841_2018-11-07' '03063532_2017-09-26' '03898654_2018-02-08'
 '03216059_2018-07-24' '01825148_2018-08-14' '01435665_2018-05-09'
 '04750335_2019-01-18' '06288859_2018-06-26' '10694121_2018-07-16'
 '03013552_2018-06-13' '05218852_2019-02-08' 'NI020853_2018-05-15'
 '09518150_2018-05-15' '03118854_2017-06-09' '08500163_2018-12-19'
 '01894501_2018-11-19' '08868378_2018-11-21' '03800292_2018-03-08'
 'SC215503_2018-09-25' '05447878_2017-05-12' '07878925_2018-05-11'
 '09834474_2018-09-05' '02599961_2019-02-04' '02671511_2018-03-22'
 '04571349_2018-06-25' '09565689_2018-05-27' '02027689_2018-10-01'
 '06117316_2018-08-10' '00877137_2018-09-30' '07692515_2017-04-29'
 '09603572_2017-09-20' '05859829_2018-12-06' '10072143_2018-12-22'
 '04067971_2018-05-21' '05860129_2018-03-27' '04567806_2018-12-18'
 '01146564_2018-11-22' 'SC392607_2018-01-15' '03778193_2018-09-13'
 '08627608_2018-04-27' '01291565_2018-10-17' '09954672_2018-10-02'
 '02734059_2018-06-21' '06041876_2018-09-10' 'SC038800_2018-06-22'
 '08614121_2017-06-29' '09606891_2019-01-08' '07861414_2018-09-28'
 '01912551_2018-05-24' '01675457_2018-06-26' '03808852_2018-10-03'
 '08056186_2017-04-27' '08456856_2018-12-17' '03009426_2018-05-08'
 '07792956_2018-09-24' '08955915_2018-12-27']",128,0.25296442687747034,11,139,0.274703557312253
profit and loss reserves,"['04578942_2018-09-10' '02736280_2018-01-18' '05017650_2018-09-13'
 '00645015_2019-01-03' '01580851_2018-01-29' '02683337_2018-12-31'
 '05292814_2018-07-04' '08337863_2018-05-03' '08948605_2018-08-16'
 '05865264_2018-12-14' '03976947_2018-05-24' 'NI625203_2017-08-29'
 'NI617191_2018-05-14' '01551487_2018-06-29' '09742211_2019-01-16'
 '03843550_2018-12-20' '08205725_2018-12-14' '04544159_2019-01-14'
 '05351022_2018-09-18' 'SC281238_2018-11-27' '05121287_2018-03-27'
 '06749253_2019-01-03' '04925061_2018-08-16' '05242411_2018-03-21'
 '03612400_2018-06-01' '08401600_2018-04-06' '09187690_2018-10-03'
 '04317894_2018-06-11' '09256949_2018-09-30']",29,0.05731225296442688,5,34,0.06719367588932806
property plant and equipment,"['NC000295_2018-12-19' '00851110_2018-10-07' '06024424_2018-09-17'
 '03074921_2018-09-28' '01167325_2018-10-06' '03827293_2018-08-21'
 '05216450_2018-11-16' '03013552_2018-06-13' '07660688_2018-09-21'
 '03972790_2019-01-15' '00877137_2018-09-30']",11,0.021739130434782608,2,13,0.025691699604743084
provisions for liabilities,"['05457103_2018-08-10' '02736280_2018-01-18' '04192928_2018-10-21'
 '08257555_2018-11-01' '08908626_2018-05-11' '02215326_2017-10-23'
 '00645015_2019-01-03' '06516481_2018-05-30' '01580851_2018-01-29'
 '05219123_2018-08-13' '03951948_2018-10-01' '02683337_2018-12-31'
 '01246756_2018-12-28' '08337863_2018-05-03' '04609439_2018-06-06'
 '04283540_2018-04-26' '04425595_2018-07-10' 'NI613113_2018-09-14'
 '08948605_2018-08-16' '08524615_2018-09-17' '09708034_2018-05-22'
 '06244683_2018-09-13' '00904957_2018-09-13' '00854266_2018-09-26'
 '02712039_2017-10-06' '05177605_2018-10-04' '01551487_2018-06-29'
 '03440203_2019-02-07' '00410453_2018-09-03' '04817286_2017-11-29'
 '01435665_2018-05-09' '04750335_2019-01-18' '03013552_2018-06-13'
 '01902690_2019-01-08' 'SC062350_2019-01-30' '08183811_2018-12-28'
 '06559854_2019-01-17' '06995435_2018-07-02' '07183803_2018-12-12'
 '02671511_2018-03-22' '06117316_2018-08-10' '05242411_2018-03-21'
 'SC315245_2017-11-13' '08217483_2018-12-24' '02860394_2018-06-06'
 '05403974_2018-05-23' '04837764_2018-06-19' '08955915_2018-12-27']",48,0.09486166007905138,2,50,0.09881422924901186
restricted funds,"['00701225_2018-10-23' '08066742_2018-09-12' '07428157_2018-09-20'
 '04309557_2018-12-21' '07987156_2018-12-19' '06015649_2018-09-30'
 '03320318_2018-09-19' 'SC094096_2018-10-03']",8,0.015810276679841896,7,15,0.029644268774703556
retained earnings,"['02464270_2018-08-16' '07987664_2018-11-22' '06245930_2018-02-02'
 '00851110_2018-10-07' '05549284_2018-04-05' '00506612_2018-09-26'
 '08908626_2018-05-11' '02215326_2017-10-23' 'SC312228_2018-09-10'
 '10208054_2018-06-27' '03951948_2018-10-01' '01246756_2018-12-28'
 '03830932_2018-08-16' '05542048_2018-09-20' '06350263_2018-05-31'
 '02552255_2018-10-15' '06377386_2018-09-21' '00904957_2018-09-13'
 '03708614_2018-07-03' '01167325_2018-10-06' '09164548_2018-01-08'
 '09769485_2019-01-28' '00410453_2018-09-03' '04817286_2017-11-29'
 '05216450_2018-11-16' '00688455_2018-10-10' '04911695_2018-02-01'
 'SC425845_2018-08-08' '01902690_2019-01-08' 'SC062350_2019-01-30'
 '06995435_2018-07-02' '03972790_2019-01-15' '07183803_2018-12-12'
 '03988201_2018-05-23' '09001323_2017-11-23' '01050578_2018-11-07']",36,0.07114624505928854,9,45,0.08893280632411067
share capital,"['08804092_2018-08-15' '01850583_2018-07-09' '01534691_2018-02-12'
 '10219783_2018-10-07' '05290340_2018-01-09' '09603572_2017-09-20']",6,0.011857707509881422,3,9,0.017786561264822136
shareholders deficit,"['04267912_2018-10-04' '07491176_2018-09-14' '09976915_2018-05-14'
 '06540708_2018-04-03' '08941680_2018-07-03' '03355916_2018-03-16'
 '02712039_2017-10-06' '09669202_2018-04-09' '09947841_2018-11-07'
 '09905204_2019-01-28' '03800292_2018-03-08' '04567806_2018-12-18']",12,0.023715415019762844,3,15,0.029644268774703556
shareholders funds,"['06638282_2018-05-10' '02723119_2018-07-10' '01625851_2018-10-26'
 '07987664_2018-11-22' '08658092_2018-07-10' '08342128_2018-09-28'
 '04192928_2018-10-21' '05549284_2018-04-05' '05477483_2018-08-07'
 '01557781_2019-01-24' '09877836_2018-10-08' '08774049_2018-03-16'
 '08908626_2018-05-11' '02215326_2017-10-23' '09683278_2018-05-31'
 '09303330_2018-03-15' '01581154_2018-07-24' '04176450_2018-12-07'
 '02555553_2017-03-20' 'SC211905_2018-05-04' '05983990_2019-02-04'
 'SC215880_2018-08-16' '06024424_2018-09-17' '04779767_2018-09-24'
 '09869872_2019-01-22' '04107434_2018-03-22' '03085506_2018-06-27'
 '01246756_2018-12-28' '04283540_2018-04-26' '05542048_2018-09-20'
 '09789710_2018-05-12' 'NI613113_2018-09-14' '08524615_2018-09-17'
 '00757019_2018-11-15' '09091904_2018-05-14' '06350263_2018-05-31'
 '08646989_2018-10-07' '06377386_2018-09-21' '00904957_2018-09-13'
 '07291750_2018-05-03' '08464812_2019-01-07' '00854266_2018-09-26'
 '05177605_2018-10-04' 'SC381770_2018-09-27' '03074921_2018-09-28'
 '03708614_2018-07-03' '03440203_2019-02-07' '01713181_2018-12-12'
 '09164548_2018-01-08' '00500613_2018-05-25' '00410453_2018-09-03'
 '05216450_2018-11-16' '10632949_2018-09-18' '00688455_2018-10-10'
 '01825148_2018-08-14' '04595098_2018-06-20' '04911695_2018-02-01'
 '09672543_2018-12-14' '05218852_2019-02-08' 'SC425845_2018-08-08'
 '01902690_2019-01-08' 'NI020853_2018-05-15' '09518150_2018-05-15'
 '07660688_2018-09-21' '03118854_2017-06-09' 'SC062350_2019-01-30'
 '08868378_2018-11-21' '06559854_2019-01-17' '06995435_2018-07-02'
 '03972790_2019-01-15' '07183803_2018-12-12' '05447878_2017-05-12'
 '07878925_2018-05-11' 'SC505813_2018-05-31' '09834474_2018-09-05'
 '04571349_2018-06-25' '06117316_2018-08-10' '00877137_2018-09-30'
 '04730594_2019-02-05' '07692515_2017-04-29' '06755267_2018-12-13'
 '05859829_2018-12-06' '07564261_2018-12-18' '04067971_2018-05-21'
 'SC315245_2017-11-13' 'SC392607_2018-01-15' '02197238_2018-10-04'
 '08948615_2018-07-06' '03988201_2018-05-23' '09058573_2017-06-27'
 '05403974_2018-05-23' '09070307_2018-12-18' '02734059_2018-06-21'
 '08614121_2017-06-29' '09606891_2019-01-08' '07861414_2018-09-28'
 '01912551_2018-05-24' '02478328_2018-09-30' '05476131_2018-07-10'
 '08056186_2017-04-27' '08456856_2018-12-17' '09001323_2017-11-23'
 '01050578_2018-11-07' '00562498_2018-12-19']",104,0.20553359683794467,12,116,0.22924901185770752
stocks,"['04578942_2018-09-10' '02736280_2018-01-18' '01848334_2018-11-19'
 '04192928_2018-10-21' '05477483_2018-08-07' '08774049_2018-03-16'
 'OC352633_2018-11-07' '03551533_2018-10-07' 'OC342862_2018-10-24'
 '00645015_2019-01-03' '07491176_2018-09-14' '04176450_2018-12-07'
 '01580851_2018-01-29' '02555553_2017-03-20' '09976915_2018-05-14'
 '08491028_2018-08-03' '02567814_2018-12-21' '01346397_2018-12-14'
 '02641437_2019-01-02' 'OC341283_2018-09-11' '01246756_2018-12-28'
 '04609439_2018-06-06' '05407505_2018-10-02' 'NI613113_2018-09-14'
 '08524615_2018-09-17' '00757019_2018-11-15' '00904957_2018-09-13'
 '06994779_2019-01-10' 'NI625203_2017-08-29' '03355916_2018-03-16'
 '00854266_2018-09-26' '01500876_2018-09-30' '09776690_2018-07-04'
 '03010158_2018-08-08' '01551487_2018-06-29' '06436404_2018-05-15'
 '03708614_2018-07-03' '02688973_2018-12-21' '02277759_2018-12-03'
 '00410453_2018-09-03' '05783050_2018-04-06' 'SC281238_2018-11-27'
 '09905204_2019-01-28' '04750335_2019-01-18' '04595098_2018-06-20'
 '01902690_2019-01-08' 'NI020853_2018-05-15' '09514102_2019-01-03'
 '06749253_2019-01-03' '08183811_2018-12-28' '02599961_2019-02-04'
 '04571349_2018-06-25' '09565689_2018-05-27' '02027689_2018-10-01'
 '05242411_2018-03-21' '07200267_2018-12-21' '04067971_2018-05-21'
 '03778193_2018-09-13' '02860394_2018-06-06' '01291565_2018-10-17'
 '05403974_2018-05-23' 'SC038800_2018-06-22' '07861414_2018-09-28'
 '01912551_2018-05-24' '08056186_2017-04-27' 'SC094096_2018-10-03'
 '08955915_2018-12-27']",67,0.1324110671936759,6,73,0.1442687747035573
tangible assets,"['05457103_2018-08-10' '06757157_2018-08-15' '10339765_2018-05-21'
 '07508665_2018-04-04' '02736280_2018-01-18' '06638282_2018-05-10'
 '07987664_2018-11-22' '06245930_2018-02-02' '08658092_2018-07-10'
 '01848334_2018-11-19' '10796182_2018-11-13' '04192928_2018-10-21'
 '05549284_2018-04-05' '05477483_2018-08-07' '01836313_2018-09-30'
 '03799358_2018-08-20' '09104588_2018-12-28' '10281039_2018-04-25'
 '09877836_2018-10-08' '08908626_2018-05-11' '03551533_2018-10-07'
 'OC342862_2018-10-24' '02215326_2017-10-23' '04848475_2018-10-06'
 '00701225_2018-10-23' '01205530_2018-04-04' '01581154_2018-07-24'
 '08066742_2018-09-12' '07491176_2018-09-14' '10625857_2018-11-15'
 '04176450_2018-12-07' '10557156_2018-10-01' '01580851_2018-01-29'
 'SC211905_2018-05-04' '09976915_2018-05-14' '02865602_2018-06-20'
 '02567814_2018-12-21' '01346397_2018-12-14' '05983990_2019-02-04'
 '05219123_2018-08-13' '10208054_2018-06-27' '01234173_2018-02-21'
 '07428157_2018-09-20' '03209358_2018-09-28' '02641437_2019-01-02'
 '06734246_2018-04-25' '02683337_2018-12-31' '10342870_2018-05-23'
 '04107434_2018-03-22' '03085506_2018-06-27' '09165062_2018-08-30'
 'OC365965_2017-08-15' '06540708_2018-04-03' '10385861_2019-01-02'
 '01246756_2018-12-28' '08337863_2018-05-03' '10254825_2018-03-29'
 '04915241_2018-09-05' '04609439_2018-06-06' '03830932_2018-08-16'
 '04283540_2018-04-26' '04425595_2018-07-10' '08238988_2018-10-31'
 '05542048_2018-09-20' '05407505_2018-10-02' 'NI613113_2018-09-14'
 '08948605_2018-08-16' '08524615_2018-09-17' 'OC383149_2018-12-17'
 '03976947_2018-05-24' '00757019_2018-11-15' '06350263_2018-05-31'
 '09125604_2018-04-19' '08941680_2018-07-03' '06377386_2018-09-21'
 '00904957_2018-09-13' '06994779_2019-01-10' '03355916_2018-03-16'
 '08464812_2019-01-07' '00854266_2018-09-26' '02712039_2017-10-06'
 '09776690_2018-07-04' '03010158_2018-08-08' '05177605_2018-10-04'
 'SC381770_2018-09-27' 'NI617191_2018-05-14' 'OC383390_2018-12-09'
 '01551487_2018-06-29' '06436404_2018-05-15' '09669202_2018-04-09'
 '03708614_2018-07-03' '03440203_2019-02-07' '06873409_2019-01-22'
 '02688973_2018-12-21' '03843550_2018-12-20' 'OC389955_2017-08-16'
 '09164548_2018-01-08' '02277759_2018-12-03' '09769485_2019-01-28'
 'OC307979_2018-10-22' '00410453_2018-09-03' '05783050_2018-04-06'
 '10716911_2019-01-22' '04817286_2017-11-29' 'SC281238_2018-11-27'
 '09967078_2018-01-23' '00688455_2018-10-10' '01435665_2018-05-09'
 '03828538_2018-06-07' '04001138_2018-03-07' '01233445_2018-07-23'
 '04911695_2018-02-01' '09672543_2018-12-14' '05218852_2019-02-08'
 '01902690_2019-01-08' 'NI020853_2018-05-15' '09514102_2019-01-03'
 'SC062350_2019-01-30' '06749253_2019-01-03' '01894501_2018-11-19'
 '08183811_2018-12-28' '06559854_2019-01-17' '06995435_2018-07-02'
 '07878925_2018-05-11' '06381573_2018-09-25' '02599961_2019-02-04'
 '02671511_2018-03-22' '04571349_2018-06-25' '09565689_2018-05-27'
 'OC363306_2018-12-24' '02027689_2018-10-01' '06117316_2018-08-10'
 '05242411_2018-03-21' '10072143_2018-12-22' '07564261_2018-12-18'
 '04067971_2018-05-21' '04567806_2018-12-18' 'SC315245_2017-11-13'
 '08217483_2018-12-24' 'SC392607_2018-01-15' 'OC417240_2018-10-02'
 '03778193_2018-09-13' '10349825_2018-05-11' '02860394_2018-06-06'
 '03988201_2018-05-23' 'OC353820_2018-08-21' '01291565_2018-10-17'
 '05403974_2018-05-23' '09954672_2018-10-02' '02734059_2018-06-21'
 'SC038800_2018-06-22' '01912551_2018-05-24' '01675457_2018-06-26'
 '03123932_2018-05-24' '05476131_2018-07-10' '06403212_2019-01-02'
 '08456856_2018-12-17' '10883160_2018-10-05' 'SC094096_2018-10-03'
 '08955915_2018-12-27']",160,0.31620553359683795,7,167,0.3300395256916996
taxation including deferred tax,"['05477483_2018-08-07' '03355916_2018-03-16' '05218852_2019-02-08'
 '09514102_2019-01-03' '04571349_2018-06-25' '02734059_2018-06-21'
 '01912551_2018-05-24']",7,0.01383399209486166,1,8,0.015810276679841896
total assets,"['02407799_2018-04-26' '08804092_2018-08-15' '02464270_2018-08-16'
 '00851110_2018-10-07' '08512069_2018-07-11' '07427985_2018-08-22'
 'OC338682_2018-11-07' '03951948_2018-10-01' 'OC347970_2018-08-02'
 '10219783_2018-10-07' '07100402_2018-07-31' '03186874_2018-10-07'
 '03827293_2018-08-21' '05290340_2018-01-09' 'OC330373_2018-08-03'
 'OC411998_2018-08-28']",16,0.03162055335968379,2,18,0.03557312252964427
total assets less current liabilities,"['06757157_2018-08-15' '04578942_2018-09-10' '07508665_2018-04-04'
 '04267912_2018-10-04' '02736280_2018-01-18' '06551042_2017-09-29'
 '01625851_2018-10-26' '08658092_2018-07-10' '01848334_2018-11-19'
 '08342128_2018-09-28' '04192928_2018-10-21' '02531272_2018-10-25'
 '05477483_2018-08-07' '08257555_2018-11-01' '01836313_2018-09-30'
 '02193829_2018-09-21' '07314921_2018-06-21' 'OC352633_2018-11-07'
 '03551533_2018-10-07' '02559683_2018-05-09' '09831466_2018-09-13'
 '07025669_2018-01-09' 'OC342862_2018-10-24' '04848475_2018-10-06'
 '09683278_2018-05-31' 'SC503875_2018-05-04' 'SC312228_2018-09-10'
 '01684721_2018-05-24' '00645015_2019-01-03' '05738042_2018-10-12'
 '01205530_2018-04-04' '05445922_2017-09-30' '01581154_2018-07-24'
 '06516481_2018-05-30' '05157431_2018-06-06' '07491176_2018-09-14'
 '06989049_2018-05-01' '03824389_2018-09-10' '01580851_2018-01-29'
 '02555553_2017-03-20' 'OC338682_2018-11-07' 'SC211905_2018-05-04'
 '09976915_2018-05-14' '08491028_2018-08-03' '05468650_2017-11-15'
 '07238703_2019-02-05' '01688205_2018-12-31' '07068932_2018-05-31'
 '02567814_2018-12-21' '01346397_2018-12-14' '04155448_2018-11-26'
 '05219123_2018-08-13' '01386096_2018-06-07' '06024424_2018-09-17'
 '03209358_2018-09-28' '04779767_2018-09-24' '02641437_2019-01-02'
 '06734246_2018-04-25' '02683337_2018-12-31' 'OC341283_2018-09-11'
 '03085506_2018-06-27' '09165062_2018-08-30' 'OC365965_2017-08-15'
 '06540708_2018-04-03' '09380893_2018-05-24' '08337863_2018-05-03'
 '04915241_2018-09-05' '03830932_2018-08-16' '04425595_2018-07-10'
 '08238988_2018-10-31' '05407505_2018-10-02' 'NI613113_2018-09-14'
 '08948605_2018-08-16' 'OC383149_2018-12-17' '08673651_2018-09-18'
 '06871487_2018-07-19' '09934732_2018-09-17' '09542334_2019-01-29'
 '07275849_2018-10-12' '00757019_2018-11-15' '05355799_2018-08-08'
 '09819650_2018-05-31' '09125604_2018-04-19' 'NI636570_2018-12-05'
 '08941680_2018-07-03' '02572448_2018-10-31' '08814444_2018-09-10'
 '06244683_2018-09-13' '05026996_2018-08-15' '08252329_2019-01-18'
 '06994779_2019-01-10' '03355916_2018-03-16' '08464812_2019-01-07'
 '00854266_2018-09-26' '01500876_2018-09-30' '03128528_2018-05-30'
 '02712039_2017-10-06' 'OC412019_2019-02-08' 'SC381770_2018-09-27'
 'NI617191_2018-05-14' '03074921_2018-09-28' '08455384_2018-10-25'
 '01551487_2018-06-29' '06436404_2018-05-15' '05560206_2018-05-17'
 '01167325_2018-10-06' '05824628_2018-10-16' '02688973_2018-12-21'
 '03843550_2018-12-20' '04729479_2018-10-15' '02277759_2018-12-03'
 'OC307979_2018-10-22' '06912932_2019-01-28' '05259054_2018-05-31'
 '05783050_2018-04-06' '09947841_2018-11-07' '09827589_2018-12-19'
 '09783674_2018-12-21' '05032067_2018-10-15' 'SC281238_2018-11-27'
 '05216450_2018-11-16' '09569080_2019-01-24' '05529094_2017-11-24'
 '09905204_2019-01-28' '05890653_2018-05-27' '09926174_2019-02-01'
 '01435665_2018-05-09' '04750335_2019-01-18' '06288859_2018-06-26'
 '04001138_2018-03-07' '03013552_2018-06-13' '05218852_2019-02-08'
 'NI020853_2018-05-15' 'OC311193_2018-10-25' 'SC472836_2018-10-31'
 '09514102_2019-01-03' '06775822_2018-09-28' '04638871_2018-08-30'
 '07660688_2018-09-21' '06749253_2019-01-03' '01894501_2018-11-19'
 '08868378_2018-11-21' '08183811_2018-12-28' '06559854_2019-01-17'
 '05989934_2018-10-04' '03800292_2018-03-08' '03901367_2017-08-29'
 '07076803_2018-05-24' '03972790_2019-01-15' 'SC215503_2018-09-25'
 '07878925_2018-05-11' '09834474_2018-09-05' '00145374_2018-05-02'
 '02671511_2018-03-22' '04571349_2018-06-25' '09565689_2018-05-27'
 'OC363306_2018-12-24' '08400096_2018-02-02' '02027689_2018-10-01'
 '06117316_2018-08-10' '04119246_2018-04-03' '05242411_2018-03-21'
 '09603572_2017-09-20' '05859829_2018-12-06' '10072143_2018-12-22'
 '05860129_2018-03-27' '03612400_2018-06-01' '04567806_2018-12-18'
 '08401600_2018-04-06' '01146564_2018-11-22' '08217483_2018-12-24'
 'SC392607_2018-01-15' '03778193_2018-09-13' '09187690_2018-10-03'
 '08446267_2018-12-13' '02860394_2018-06-06' '08627608_2018-04-27'
 '09058573_2017-06-27' '01291565_2018-10-17' '05403974_2018-05-23'
 '02734059_2018-06-21' '06041876_2018-09-10' '09027292_2019-02-13'
 '08614121_2017-06-29' '06928061_2019-01-07' '09606891_2019-01-08'
 '07861414_2018-09-28' '04317894_2018-06-11' '01912551_2018-05-24'
 '01675457_2018-06-26' '09594612_2018-02-13' '03808852_2018-10-03'
 '08708339_2018-05-16' '09256949_2018-09-30' '04837764_2018-06-19'
 '04947762_2018-08-13' '06403212_2019-01-02' '01050578_2018-11-07'
 'OC345647_2018-05-15' '07792956_2018-09-24' '08857138_2018-10-30'
 '08955915_2018-12-27']",202,0.39920948616600793,19,221,0.4367588932806324
total current assets,"['03951948_2018-10-01' '09869872_2019-01-22' '01167325_2018-10-06'
 '01894501_2018-11-19' '06015649_2018-09-30' '09565689_2018-05-27'
 'OC330373_2018-08-03' '06054549_2018-10-19' '05859829_2018-12-06'
 '08708339_2018-05-16']",10,0.019762845849802372,3,13,0.025691699604743084
total equity,"['06757157_2018-08-15' '04578942_2018-09-10' '02736280_2018-01-18'
 '02407799_2018-04-26' '02464270_2018-08-16' '08257555_2018-11-01'
 '09104588_2018-12-28' '05017650_2018-09-13' '00506612_2018-09-26'
 '07025669_2018-01-09' '00645015_2019-01-03' '07427985_2018-08-22'
 '06800135_2018-11-08' '05445922_2017-09-30' '06516481_2018-05-30'
 '01580851_2018-01-29' '05219123_2018-08-13' '02683337_2018-12-31'
 'SC272499_2018-04-17' '10385861_2019-01-02' '08337863_2018-05-03'
 '04915241_2018-09-05' '04609439_2018-06-06' '06476929_2018-08-08'
 '04425595_2018-07-10' '08238988_2018-10-31' '05407505_2018-10-02'
 '08948605_2018-08-16' '03976947_2018-05-24' '02552255_2018-10-15'
 'NI625203_2017-08-29' '03010158_2018-08-08' 'NI617191_2018-05-14'
 '01551487_2018-06-29' '09742211_2019-01-16' '06873409_2019-01-22'
 '03843550_2018-12-20' '01426212_2018-12-04' '04544159_2019-01-14'
 '05351022_2018-09-18' '03827293_2018-08-21' 'SC281238_2018-11-27'
 '05121287_2018-03-27' '01435665_2018-05-09' '03013552_2018-06-13'
 '06749253_2019-01-03' '08183811_2018-12-28' '05290340_2018-01-09'
 '04126929_2018-07-17' 'SC215503_2018-09-25' '02671511_2018-03-22'
 '09885382_2018-10-04' '04925061_2018-08-16' '05242411_2018-03-21'
 '02338548_2018-03-23' '03612400_2018-06-01' '08401600_2018-04-06'
 '08217483_2018-12-24' '09187690_2018-10-03' '02860394_2018-06-06'
 '09954672_2018-10-02' '09027292_2019-02-13' '04317894_2018-06-11'
 '09256949_2018-09-30' '09154504_2017-06-16']",65,0.12845849802371542,2,67,0.1324110671936759
total funds brought forward,"['00701225_2018-10-23' '08066742_2018-09-12' '07773187_2018-11-14'
 '07428157_2018-09-20' '07221470_2019-01-09' '02277759_2018-12-03'
 '07987156_2018-12-19' '01774753_2018-12-19' '06015649_2018-09-30'
 '06381573_2018-09-25' '06054549_2018-10-19' '03320318_2018-09-19'
 'SC094096_2018-10-03']",13,0.025691699604743084,1,14,0.02766798418972332
total funds carried forward,"['00701225_2018-10-23' '07773187_2018-11-14' '07428157_2018-09-20'
 '07221470_2019-01-09' '02277759_2018-12-03' '07987156_2018-12-19'
 '03828538_2018-06-07' '06015649_2018-09-30' '06381573_2018-09-25'
 '06054549_2018-10-19' '03320318_2018-09-19' 'SC094096_2018-10-03']",12,0.023715415019762844,1,13,0.025691699604743084
total liabilities,"['02407799_2018-04-26' '08804092_2018-08-15' '02464270_2018-08-16'
 '00851110_2018-10-07' '07427985_2018-08-22' 'OC347970_2018-08-02'
 'OC330373_2018-08-03' 'OC411998_2018-08-28']",8,0.015810276679841896,1,9,0.017786561264822136
total net assets liabilities,"['09831466_2018-09-13' '05738042_2018-10-12' '09380893_2018-05-24'
 '09569080_2019-01-24' '01894501_2018-11-19' '09565689_2018-05-27'
 '05859829_2018-12-06' '09058573_2017-06-27' '08614121_2017-06-29']",9,0.017786561264822136,1,10,0.019762845849802372
total shareholders funds,"['07508665_2018-04-04' '10120241_2018-07-25' '02193829_2018-09-21'
 '01684721_2018-05-24' '01205530_2018-04-04' '03824389_2018-09-10'
 '08296561_2019-01-21' '03951948_2018-10-01' '03990225_2018-05-01'
 '03830932_2018-08-16' '01500876_2018-09-30' '01167325_2018-10-06'
 '09482576_2019-01-04' '03009426_2018-05-08']",14,0.02766798418972332,3,17,0.03359683794466403
trade and other receivables,"['00506612_2018-09-26' '03865691_2018-03-15' '03074921_2018-09-28'
 '01167325_2018-10-06' '03827293_2018-08-21' '05216450_2018-11-16'
 '03013552_2018-06-13' '03972790_2019-01-15' 'OC330373_2018-08-03'
 '06755267_2018-12-13']",10,0.019762845849802372,1,11,0.021739130434782608
unrestricted funds,"['00701225_2018-10-23' '08066742_2018-09-12' '07773187_2018-11-14'
 '07228603_2019-01-05' '07221470_2019-01-09' '07987156_2018-12-19'
 '01774753_2018-12-19' '06015649_2018-09-30' '03320318_2018-09-19']",9,0.017786561264822136,4,13,0.025691699604743084
