,filename
0,02709473_2019-01-17
1,10341209_2018-05-22
2,10672557_2018-12-12
3,04740006_2018-12-09
4,SC307593_2017-11-24
5,10582063_2018-10-31
6,05084383_2018-10-01
7,10602392_2018-10-17
8,10355449_2018-11-06
9,05494889_2018-10-01
10,10655161_2018-11-29
11,10832155_2019-02-05
12,09981158_2017-06-01
13,10611038_2018-11-08
14,09487709_2018-12-14
15,09618523_2018-02-21
16,10479373_2018-06-21
17,03790585_2018-09-30
18,06705523_2018-11-19
19,10939817_2018-12-12
20,06522069_2018-08-21
21,OC311413_2018-09-14
22,02119876_2017-09-21
23,10550078_2018-09-26
24,10070786_2018-10-31
